Pokémon,Ndex,MS,Pokémon,Type,
Bulbasaur,#0001,,Bulbasaur,Grass,Poison
Ivysaur,#0002,,Ivysaur,Grass,Poison
Venusaur,#0003,,Venusaur,Grass,Poison
Charmander,#0004,,Charmander,Fire,
Charmeleon,#0005,,Charmeleon,Fire,
Charizard,#0006,,Charizard,Fire,Flying
Squirtle,#0007,,Squirtle,Water,
Wartortle,#0008,,Wartortle,Water,
Blastoise,#0009,,Blastoise,Water,
Caterpie,#0010,,Caterpie,Bug,
Metapod,#0011,,Metapod,Bug,
Butterfree,#0012,,Butterfree,Bug,Flying
Weedle,#0013,,Weedle,Bug,Poison
Kakuna,#0014,,Kakuna,Bug,Poison
Beedrill,#0015,,Beedrill,Bug,Poison
Pidgey,#0016,,Pidgey,Normal,Flying
Pidgeotto,#0017,,Pidgeotto,Normal,Flying
Pidgeot,#0018,,Pidgeot,Normal,Flying
Rattata,#0019,,Rattata,Normal,
"Rattata
Alolan Form",,,"Rattata
Alolan Form",Dark,Normal
Raticate,#0020,,Raticate,Normal,
"Raticate
Alolan Form",,,"Raticate
Alolan Form",Dark,Normal
Spearow,#0021,,Spearow,Normal,Flying
Fearow,#0022,,Fearow,Normal,Flying
Ekans,#0023,,Ekans,Poison,
Arbok,#0024,,Arbok,Poison,
Pikachu,#0025,,Pikachu,Electric,
Raichu,#0026,,Raichu,Electric,
"Raichu
Alolan Form",,,"Raichu
Alolan Form",Electric,Psychic
Sandshrew,#0027,,Sandshrew,Ground,
"Sandshrew
Alolan Form",,,"Sandshrew
Alolan Form",Ice,Steel
Sandslash,#0028,,Sandslash,Ground,
"Sandslash
Alolan Form",,,"Sandslash
Alolan Form",Ice,Steel
Nidoran♀,#0029,,Nidoran♀,Poison,
Nidorina,#0030,,Nidorina,Poison,
Nidoqueen,#0031,,Nidoqueen,Poison,Ground
Nidoran♂,#0032,,Nidoran♂,Poison,
Nidorino,#0033,,Nidorino,Poison,
Nidoking,#0034,,Nidoking,Poison,Ground
Clefairy,#0035,,Clefairy,Fairy,
Clefable,#0036,,Clefable,Fairy,
Vulpix,#0037,,Vulpix,Fire,
"Vulpix
Alolan Form",,,"Vulpix
Alolan Form",Ice,
Ninetales,#0038,,Ninetales,Fire,
"Ninetales
Alolan Form",,,"Ninetales
Alolan Form",Ice,Fairy
Jigglypuff,#0039,,Jigglypuff,Normal,Fairy
Wigglytuff,#0040,,Wigglytuff,Normal,Fairy
Zubat,#0041,,Zubat,Poison,Flying
Golbat,#0042,,Golbat,Poison,Flying
Oddish,#0043,,Oddish,Grass,Poison
Gloom,#0044,,Gloom,Grass,Poison
Vileplume,#0045,,Vileplume,Grass,Poison
Paras,#0046,,Paras,Bug,Grass
Parasect,#0047,,Parasect,Bug,Grass
Venonat,#0048,,Venonat,Bug,Poison
Venomoth,#0049,,Venomoth,Bug,Poison
Diglett,#0050,,Diglett,Ground,
"Diglett
Alolan Form",,,"Diglett
Alolan Form",Ground,Steel
Dugtrio,#0051,,Dugtrio,Ground,
"Dugtrio
Alolan Form",,,"Dugtrio
Alolan Form",Ground,Steel
Meowth,#0052,,Meowth,Normal,
"Meowth
Alolan Form",,,"Meowth
Alolan Form",Dark,
"Meowth
Galarian Form",,,"Meowth
Galarian Form",Steel,
Persian,#0053,,Persian,Normal,
"Persian
Alolan Form",,,"Persian
Alolan Form",Dark,
Psyduck,#0054,,Psyduck,Water,
Golduck,#0055,,Golduck,Water,
Mankey,#0056,,Mankey,Fighting,
Primeape,#0057,,Primeape,Fighting,
Growlithe,#0058,,Growlithe,Fire,
"Growlithe
Hisuian Form",,,"Growlithe
Hisuian Form",Fire,Rock
Arcanine,#0059,,Arcanine,Fire,
"Arcanine
Hisuian Form",,,"Arcanine
Hisuian Form",Fire,Rock
Poliwag,#0060,,Poliwag,Water,
Poliwhirl,#0061,,Poliwhirl,Water,
Poliwrath,#0062,,Poliwrath,Water,Fighting
Abra,#0063,,Abra,Psychic,
Kadabra,#0064,,Kadabra,Psychic,
Alakazam,#0065,,Alakazam,Psychic,
Machop,#0066,,Machop,Fighting,
Machoke,#0067,,Machoke,Fighting,
Machamp,#0068,,Machamp,Fighting,
Bellsprout,#0069,,Bellsprout,Grass,Poison
Weepinbell,#0070,,Weepinbell,Grass,Poison
Victreebel,#0071,,Victreebel,Grass,Poison
Tentacool,#0072,,Tentacool,Water,Poison
Tentacruel,#0073,,Tentacruel,Water,Poison
Geodude,#0074,,Geodude,Rock,Ground
"Geodude
Alolan Form",,,"Geodude
Alolan Form",Rock,Electric
Graveler,#0075,,Graveler,Rock,Ground
"Graveler
Alolan Form",,,"Graveler
Alolan Form",Rock,Electric
Golem,#0076,,Golem,Rock,Ground
"Golem
Alolan Form",,,"Golem
Alolan Form",Rock,Electric
Ponyta,#0077,,Ponyta,Fire,
"Ponyta
Galarian Form",,,"Ponyta
Galarian Form",Psychic,
Rapidash,#0078,,Rapidash,Fire,
"Rapidash
Galarian Form",,,"Rapidash
Galarian Form",Psychic,Fairy
Slowpoke,#0079,,Slowpoke,Water,Psychic
"Slowpoke
Galarian Form",,,"Slowpoke
Galarian Form",Psychic,
Slowbro,#0080,,Slowbro,Water,Psychic
"Slowbro
Galarian Form",,,"Slowbro
Galarian Form",Poison,Psychic
Magnemite,#0081,,Magnemite,Electric,Steel
Magneton,#0082,,Magneton,Electric,Steel
Farfetch'd,#0083,,Farfetch'd,Normal,Flying
"Farfetch'd
Galarian Form",,,"Farfetch'd
Galarian Form",Fighting,
Doduo,#0084,,Doduo,Normal,Flying
Dodrio,#0085,,Dodrio,Normal,Flying
Seel,#0086,,Seel,Water,
Dewgong,#0087,,Dewgong,Water,Ice
Grimer,#0088,,Grimer,Poison,
"Grimer
Alolan Form",,,"Grimer
Alolan Form",Poison,Dark
Muk,#0089,,Muk,Poison,
"Muk
Alolan Form",,,"Muk
Alolan Form",Poison,Dark
Shellder,#0090,,Shellder,Water,
Cloyster,#0091,,Cloyster,Water,Ice
Gastly,#0092,,Gastly,Ghost,Poison
Haunter,#0093,,Haunter,Ghost,Poison
Gengar,#0094,,Gengar,Ghost,Poison
Onix,#0095,,Onix,Rock,Ground
Drowzee,#0096,,Drowzee,Psychic,
Hypno,#0097,,Hypno,Psychic,
Krabby,#0098,,Krabby,Water,
Kingler,#0099,,Kingler,Water,
Voltorb,#0100,,Voltorb,Electric,
"Voltorb
Hisuian Form",,,"Voltorb
Hisuian Form",Electric,Grass
Electrode,#0101,,Electrode,Electric,
"Electrode
Hisuian Form",,,"Electrode
Hisuian Form",Electric,Grass
Exeggcute,#0102,,Exeggcute,Grass,Psychic
Exeggutor,#0103,,Exeggutor,Grass,Psychic
"Exeggutor
Alolan Form",,,"Exeggutor
Alolan Form",Grass,Dragon
Cubone,#0104,,Cubone,Ground,
Marowak,#0105,,Marowak,Ground,
"Marowak
Alolan Form",,,"Marowak
Alolan Form",Fire,Ghost
Hitmonlee,#0106,,Hitmonlee,Fighting,
Hitmonchan,#0107,,Hitmonchan,Fighting,
Lickitung,#0108,,Lickitung,Normal,
Koffing,#0109,,Koffing,Poison,
Weezing,#0110,,Weezing,Poison,
"Weezing
Galarian Form",,,"Weezing
Galarian Form",Poison,Fairy
Rhyhorn,#0111,,Rhyhorn,Ground,Rock
Rhydon,#0112,,Rhydon,Ground,Rock
Chansey,#0113,,Chansey,Normal,
Tangela,#0114,,Tangela,Grass,
Kangaskhan,#0115,,Kangaskhan,Normal,
Horsea,#0116,,Horsea,Water,
Seadra,#0117,,Seadra,Water,
Goldeen,#0118,,Goldeen,Water,
Seaking,#0119,,Seaking,Water,
Staryu,#0120,,Staryu,Water,
Starmie,#0121,,Starmie,Water,Psychic
Mr. Mime,#0122,,Mr. Mime,Psychic,Fairy
"Mr. Mime
Galarian Form",,,"Mr. Mime
Galarian Form",Ice,Psychic
Scyther,#0123,,Scyther,Bug,Flying
Jynx,#0124,,Jynx,Ice,Psychic
Electabuzz,#0125,,Electabuzz,Electric,
Magmar,#0126,,Magmar,Fire,
Pinsir,#0127,,Pinsir,Bug,
Tauros,#0128,,Tauros,Normal,
"Tauros
Paldean Form
*(Combat Breed)*",,,"Tauros
Paldean Form
*(Combat Breed)*",Fighting,
"Tauros
Paldean Form
*(Blaze Breed)*",,,"Tauros
Paldean Form
*(Blaze Breed)*",Fighting,Fire
"Tauros
Paldean Form
*(Aqua Breed)*",,,"Tauros
Paldean Form
*(Aqua Breed)*",Fighting,Water
Magikarp,#0129,,Magikarp,Water,
Gyarados,#0130,,Gyarados,Water,Flying
Lapras,#0131,,Lapras,Water,Ice
Ditto,#0132,,Ditto,Normal,
Eevee,#0133,,Eevee,Normal,
Vaporeon,#0134,,Vaporeon,Water,
Jolteon,#0135,,Jolteon,Electric,
Flareon,#0136,,Flareon,Fire,
Porygon,#0137,,Porygon,Normal,
Omanyte,#0138,,Omanyte,Rock,Water
Omastar,#0139,,Omastar,Rock,Water
Kabuto,#0140,,Kabuto,Rock,Water
Kabutops,#0141,,Kabutops,Rock,Water
Aerodactyl,#0142,,Aerodactyl,Rock,Flying
Snorlax,#0143,,Snorlax,Normal,
Articuno,#0144,,Articuno,Ice,Flying
"Articuno
Galarian Form",,,"Articuno
Galarian Form",Psychic,Flying
Zapdos,#0145,,Zapdos,Electric,Flying
"Zapdos
Galarian Form",,,"Zapdos
Galarian Form",Fighting,Flying
Moltres,#0146,,Moltres,Fire,Flying
"Moltres
Galarian Form",,,"Moltres
Galarian Form",Dark,Flying
Dratini,#0147,,Dratini,Dragon,
Dragonair,#0148,,Dragonair,Dragon,
Dragonite,#0149,,Dragonite,Dragon,Flying
Mewtwo,#0150,,Mewtwo,Psychic,
Mew,#0151,,Mew,Psychic,
Pokémon,Ndex,MS,Pokémon,Type,
Chikorita,#0152,,Chikorita,Grass,
Bayleef,#0153,,Bayleef,Grass,
Meganium,#0154,,Meganium,Grass,
Cyndaquil,#0155,,Cyndaquil,Fire,
Quilava,#0156,,Quilava,Fire,
Typhlosion,#0157,,Typhlosion,Fire,
"Typhlosion
Hisuian Form",,,"Typhlosion
Hisuian Form",Fire,Ghost
Totodile,#0158,,Totodile,Water,
Croconaw,#0159,,Croconaw,Water,
Feraligatr,#0160,,Feraligatr,Water,
Sentret,#0161,,Sentret,Normal,
Furret,#0162,,Furret,Normal,
Hoothoot,#0163,,Hoothoot,Normal,Flying
Noctowl,#0164,,Noctowl,Normal,Flying
Ledyba,#0165,,Ledyba,Bug,Flying
Ledian,#0166,,Ledian,Bug,Flying
Spinarak,#0167,,Spinarak,Bug,Poison
Ariados,#0168,,Ariados,Bug,Poison
Crobat,#0169,,Crobat,Poison,Flying
Chinchou,#0170,,Chinchou,Water,Electric
Lanturn,#0171,,Lanturn,Water,Electric
Pichu,#0172,,Pichu,Electric,
Cleffa,#0173,,Cleffa,Fairy,
Igglybuff,#0174,,Igglybuff,Normal,Fairy
Togepi,#0175,,Togepi,Fairy,
Togetic,#0176,,Togetic,Fairy,Flying
Natu,#0177,,Natu,Psychic,Flying
Xatu,#0178,,Xatu,Psychic,Flying
Mareep,#0179,,Mareep,Electric,
Flaaffy,#0180,,Flaaffy,Electric,
Ampharos,#0181,,Ampharos,Electric,
Bellossom,#0182,,Bellossom,Grass,
Marill,#0183,,Marill,Water,Fairy
Azumarill,#0184,,Azumarill,Water,Fairy
Sudowoodo,#0185,,Sudowoodo,Rock,
Politoed,#0186,,Politoed,Water,
Hoppip,#0187,,Hoppip,Grass,Flying
Skiploom,#0188,,Skiploom,Grass,Flying
Jumpluff,#0189,,Jumpluff,Grass,Flying
Aipom,#0190,,Aipom,Normal,
Sunkern,#0191,,Sunkern,Grass,
Sunflora,#0192,,Sunflora,Grass,
Yanma,#0193,,Yanma,Bug,Flying
Wooper,#0194,,Wooper,Water,Ground
"Wooper
Paldean Form",,,"Wooper
Paldean Form",Poison,Ground
Quagsire,#0195,,Quagsire,Water,Ground
Espeon,#0196,,Espeon,Psychic,
Umbreon,#0197,,Umbreon,Dark,
Murkrow,#0198,,Murkrow,Dark,Flying
Slowking,#0199,,Slowking,Water,Psychic
"Slowking
Galarian Form",,,"Slowking
Galarian Form",Poison,Psychic
Misdreavus,#0200,,Misdreavus,Ghost,
"Unown
One form",#0201,,"Unown
One form",Psychic,
Wobbuffet,#0202,,Wobbuffet,Psychic,
Girafarig,#0203,,Girafarig,Normal,Psychic
Pineco,#0204,,Pineco,Bug,
Forretress,#0205,,Forretress,Bug,Steel
Dunsparce,#0206,,Dunsparce,Normal,
Gligar,#0207,,Gligar,Ground,Flying
Steelix,#0208,,Steelix,Steel,Ground
Snubbull,#0209,,Snubbull,Fairy,
Granbull,#0210,,Granbull,Fairy,
Qwilfish,#0211,,Qwilfish,Water,Poison
"Qwilfish
Hisuian Form",,,"Qwilfish
Hisuian Form",Dark,Poison
Scizor,#0212,,Scizor,Bug,Steel
Shuckle,#0213,,Shuckle,Bug,Rock
Heracross,#0214,,Heracross,Bug,Fighting
Sneasel,#0215,,Sneasel,Dark,Ice
"Sneasel
Hisuian Form",,,"Sneasel
Hisuian Form",Fighting,Poison
Teddiursa,#0216,,Teddiursa,Normal,
Ursaring,#0217,,Ursaring,Normal,
Slugma,#0218,,Slugma,Fire,
Magcargo,#0219,,Magcargo,Fire,Rock
Swinub,#0220,,Swinub,Ice,Ground
Piloswine,#0221,,Piloswine,Ice,Ground
Corsola,#0222,,Corsola,Water,Rock
"Corsola
Galarian Form",,,"Corsola
Galarian Form",Ghost,
Remoraid,#0223,,Remoraid,Water,
Octillery,#0224,,Octillery,Water,
Delibird,#0225,,Delibird,Ice,Flying
Mantine,#0226,,Mantine,Water,Flying
Skarmory,#0227,,Skarmory,Steel,Flying
Houndour,#0228,,Houndour,Dark,Fire
Houndoom,#0229,,Houndoom,Dark,Fire
Kingdra,#0230,,Kingdra,Water,Dragon
Phanpy,#0231,,Phanpy,Ground,
Donphan,#0232,,Donphan,Ground,
Porygon2,#0233,,Porygon2,Normal,
Stantler,#0234,,Stantler,Normal,
Smeargle,#0235,,Smeargle,Normal,
Tyrogue,#0236,,Tyrogue,Fighting,
Hitmontop,#0237,,Hitmontop,Fighting,
Smoochum,#0238,,Smoochum,Ice,Psychic
Elekid,#0239,,Elekid,Electric,
Magby,#0240,,Magby,Fire,
Miltank,#0241,,Miltank,Normal,
Blissey,#0242,,Blissey,Normal,
Raikou,#0243,,Raikou,Electric,
Entei,#0244,,Entei,Fire,
Suicune,#0245,,Suicune,Water,
Larvitar,#0246,,Larvitar,Rock,Ground
Pupitar,#0247,,Pupitar,Rock,Ground
Tyranitar,#0248,,Tyranitar,Rock,Dark
Lugia,#0249,,Lugia,Psychic,Flying
Ho-Oh,#0250,,Ho-Oh,Fire,Flying
Celebi,#0251,,Celebi,Psychic,Grass
Pokémon,Ndex,MS,Pokémon,Type,
Treecko,#0252,,Treecko,Grass,
Grovyle,#0253,,Grovyle,Grass,
Sceptile,#0254,,Sceptile,Grass,
Torchic,#0255,,Torchic,Fire,
Combusken,#0256,,Combusken,Fire,Fighting
Blaziken,#0257,,Blaziken,Fire,Fighting
Mudkip,#0258,,Mudkip,Water,
Marshtomp,#0259,,Marshtomp,Water,Ground
Swampert,#0260,,Swampert,Water,Ground
Poochyena,#0261,,Poochyena,Dark,
Mightyena,#0262,,Mightyena,Dark,
Zigzagoon,#0263,,Zigzagoon,Normal,
"Zigzagoon
Galarian Form",,,"Zigzagoon
Galarian Form",Dark,Normal
Linoone,#0264,,Linoone,Normal,
"Linoone
Galarian Form",,,"Linoone
Galarian Form",Dark,Normal
Wurmple,#0265,,Wurmple,Bug,
Silcoon,#0266,,Silcoon,Bug,
Beautifly,#0267,,Beautifly,Bug,Flying
Cascoon,#0268,,Cascoon,Bug,
Dustox,#0269,,Dustox,Bug,Poison
Lotad,#0270,,Lotad,Water,Grass
Lombre,#0271,,Lombre,Water,Grass
Ludicolo,#0272,,Ludicolo,Water,Grass
Seedot,#0273,,Seedot,Grass,
Nuzleaf,#0274,,Nuzleaf,Grass,Dark
Shiftry,#0275,,Shiftry,Grass,Dark
Taillow,#0276,,Taillow,Normal,Flying
Swellow,#0277,,Swellow,Normal,Flying
Wingull,#0278,,Wingull,Water,Flying
Pelipper,#0279,,Pelipper,Water,Flying
Ralts,#0280,,Ralts,Psychic,Fairy
Kirlia,#0281,,Kirlia,Psychic,Fairy
Gardevoir,#0282,,Gardevoir,Psychic,Fairy
Surskit,#0283,,Surskit,Bug,Water
Masquerain,#0284,,Masquerain,Bug,Flying
Shroomish,#0285,,Shroomish,Grass,
Breloom,#0286,,Breloom,Grass,Fighting
Slakoth,#0287,,Slakoth,Normal,
Vigoroth,#0288,,Vigoroth,Normal,
Slaking,#0289,,Slaking,Normal,
Nincada,#0290,,Nincada,Bug,Ground
Ninjask,#0291,,Ninjask,Bug,Flying
Shedinja,#0292,,Shedinja,Bug,Ghost
Whismur,#0293,,Whismur,Normal,
Loudred,#0294,,Loudred,Normal,
Exploud,#0295,,Exploud,Normal,
Makuhita,#0296,,Makuhita,Fighting,
Hariyama,#0297,,Hariyama,Fighting,
Azurill,#0298,,Azurill,Normal,Fairy
Nosepass,#0299,,Nosepass,Rock,
Skitty,#0300,,Skitty,Normal,
Delcatty,#0301,,Delcatty,Normal,
Sableye,#0302,,Sableye,Dark,Ghost
Mawile,#0303,,Mawile,Steel,Fairy
Aron,#0304,,Aron,Steel,Rock
Lairon,#0305,,Lairon,Steel,Rock
Aggron,#0306,,Aggron,Steel,Rock
Meditite,#0307,,Meditite,Fighting,Psychic
Medicham,#0308,,Medicham,Fighting,Psychic
Electrike,#0309,,Electrike,Electric,
Manectric,#0310,,Manectric,Electric,
Plusle,#0311,,Plusle,Electric,
Minun,#0312,,Minun,Electric,
Volbeat,#0313,,Volbeat,Bug,
Illumise,#0314,,Illumise,Bug,
Roselia,#0315,,Roselia,Grass,Poison
Gulpin,#0316,,Gulpin,Poison,
Swalot,#0317,,Swalot,Poison,
Carvanha,#0318,,Carvanha,Water,Dark
Sharpedo,#0319,,Sharpedo,Water,Dark
Wailmer,#0320,,Wailmer,Water,
Wailord,#0321,,Wailord,Water,
Numel,#0322,,Numel,Fire,Ground
Camerupt,#0323,,Camerupt,Fire,Ground
Torkoal,#0324,,Torkoal,Fire,
Spoink,#0325,,Spoink,Psychic,
Grumpig,#0326,,Grumpig,Psychic,
Spinda,#0327,,Spinda,Normal,
Trapinch,#0328,,Trapinch,Ground,
Vibrava,#0329,,Vibrava,Ground,Dragon
Flygon,#0330,,Flygon,Ground,Dragon
Cacnea,#0331,,Cacnea,Grass,
Cacturne,#0332,,Cacturne,Grass,Dark
Swablu,#0333,,Swablu,Normal,Flying
Altaria,#0334,,Altaria,Dragon,Flying
Zangoose,#0335,,Zangoose,Normal,
Seviper,#0336,,Seviper,Poison,
Lunatone,#0337,,Lunatone,Rock,Psychic
Solrock,#0338,,Solrock,Rock,Psychic
Barboach,#0339,,Barboach,Water,Ground
Whiscash,#0340,,Whiscash,Water,Ground
Corphish,#0341,,Corphish,Water,
Crawdaunt,#0342,,Crawdaunt,Water,Dark
Baltoy,#0343,,Baltoy,Ground,Psychic
Claydol,#0344,,Claydol,Ground,Psychic
Lileep,#0345,,Lileep,Rock,Grass
Cradily,#0346,,Cradily,Rock,Grass
Anorith,#0347,,Anorith,Rock,Bug
Armaldo,#0348,,Armaldo,Rock,Bug
Feebas,#0349,,Feebas,Water,
Milotic,#0350,,Milotic,Water,
"Castform
Normal",#0351,,"Castform
Normal",Normal,
"Castform
Sunny Form",,,"Castform
Sunny Form",Fire,
"Castform
Rainy Form",,,"Castform
Rainy Form",Water,
"Castform
Snowy Form",,,"Castform
Snowy Form",Ice,
Kecleon,#0352,,Kecleon,Normal,
Shuppet,#0353,,Shuppet,Ghost,
Banette,#0354,,Banette,Ghost,
Duskull,#0355,,Duskull,Ghost,
Dusclops,#0356,,Dusclops,Ghost,
Tropius,#0357,,Tropius,Grass,Flying
Chimecho,#0358,,Chimecho,Psychic,
Absol,#0359,,Absol,Dark,
Wynaut,#0360,,Wynaut,Psychic,
Snorunt,#0361,,Snorunt,Ice,
Glalie,#0362,,Glalie,Ice,
Spheal,#0363,,Spheal,Ice,Water
Sealeo,#0364,,Sealeo,Ice,Water
Walrein,#0365,,Walrein,Ice,Water
Clamperl,#0366,,Clamperl,Water,
Huntail,#0367,,Huntail,Water,
Gorebyss,#0368,,Gorebyss,Water,
Relicanth,#0369,,Relicanth,Water,Rock
Luvdisc,#0370,,Luvdisc,Water,
Bagon,#0371,,Bagon,Dragon,
Shelgon,#0372,,Shelgon,Dragon,
Salamence,#0373,,Salamence,Dragon,Flying
Beldum,#0374,,Beldum,Steel,Psychic
Metang,#0375,,Metang,Steel,Psychic
Metagross,#0376,,Metagross,Steel,Psychic
Regirock,#0377,,Regirock,Rock,
Regice,#0378,,Regice,Ice,
Registeel,#0379,,Registeel,Steel,
Latias,#0380,,Latias,Dragon,Psychic
Latios,#0381,,Latios,Dragon,Psychic
"Kyogre
Kyogre",#0382,,"Kyogre
Kyogre",Water,
"Groudon
Groudon",#0383,,"Groudon
Groudon",Ground,
Rayquaza,#0384,,Rayquaza,Dragon,Flying
Jirachi,#0385,,Jirachi,Steel,Psychic
"Deoxys
Normal Forme",#0386,,"Deoxys
Normal Forme",Psychic,
"Deoxys
Attack Forme",,,"Deoxys
Attack Forme",Psychic,
"Deoxys
Defense Forme",,,"Deoxys
Defense Forme",Psychic,
"Deoxys
Speed Forme",,,"Deoxys
Speed Forme",Psychic,
Pokémon,Ndex,MS,Pokémon,Type,
Turtwig,#0387,,Turtwig,Grass,
Grotle,#0388,,Grotle,Grass,
Torterra,#0389,,Torterra,Grass,Ground
Chimchar,#0390,,Chimchar,Fire,
Monferno,#0391,,Monferno,Fire,Fighting
Infernape,#0392,,Infernape,Fire,Fighting
Piplup,#0393,,Piplup,Water,
Prinplup,#0394,,Prinplup,Water,
Empoleon,#0395,,Empoleon,Water,Steel
Starly,#0396,,Starly,Normal,Flying
Staravia,#0397,,Staravia,Normal,Flying
Staraptor,#0398,,Staraptor,Normal,Flying
Bidoof,#0399,,Bidoof,Normal,
Bibarel,#0400,,Bibarel,Normal,Water
Kricketot,#0401,,Kricketot,Bug,
Kricketune,#0402,,Kricketune,Bug,
Shinx,#0403,,Shinx,Electric,
Luxio,#0404,,Luxio,Electric,
Luxray,#0405,,Luxray,Electric,
Budew,#0406,,Budew,Grass,Poison
Roserade,#0407,,Roserade,Grass,Poison
Cranidos,#0408,,Cranidos,Rock,
Rampardos,#0409,,Rampardos,Rock,
Shieldon,#0410,,Shieldon,Rock,Steel
Bastiodon,#0411,,Bastiodon,Rock,Steel
"Burmy
Plant Cloak",#0412,,"Burmy
Plant Cloak",Bug,
"Burmy
Sandy Cloak",,,"Burmy
Sandy Cloak",Bug,
"Burmy
Trash Cloak",,,"Burmy
Trash Cloak",Bug,
"Wormadam
Plant Cloak",#0413,,"Wormadam
Plant Cloak",Bug,Grass
"Wormadam
Sandy Cloak",,,"Wormadam
Sandy Cloak",Bug,Ground
"Wormadam
Trash Cloak",,,"Wormadam
Trash Cloak",Bug,Steel
Mothim,#0414,,Mothim,Bug,Flying
Combee,#0415,,Combee,Bug,Flying
Vespiquen,#0416,,Vespiquen,Bug,Flying
Pachirisu,#0417,,Pachirisu,Electric,
Buizel,#0418,,Buizel,Water,
Floatzel,#0419,,Floatzel,Water,
Cherubi,#0420,,Cherubi,Grass,
"Cherrim
Overcast Form",#0421,,"Cherrim
Overcast Form",Grass,
"Cherrim
Sunshine Form",,,"Cherrim
Sunshine Form",Grass,
"Shellos
West Sea",#0422,,"Shellos
West Sea",Water,
"Shellos
East Sea",,,"Shellos
East Sea",Water,
"Gastrodon
West Sea",#0423,,"Gastrodon
West Sea",Water,Ground
"Gastrodon
East Sea",,,"Gastrodon
East Sea",Water,Ground
Ambipom,#0424,,Ambipom,Normal,
Drifloon,#0425,,Drifloon,Ghost,Flying
Drifblim,#0426,,Drifblim,Ghost,Flying
Buneary,#0427,,Buneary,Normal,
Lopunny,#0428,,Lopunny,Normal,
Mismagius,#0429,,Mismagius,Ghost,
Honchkrow,#0430,,Honchkrow,Dark,Flying
Glameow,#0431,,Glameow,Normal,
Purugly,#0432,,Purugly,Normal,
Chingling,#0433,,Chingling,Psychic,
Stunky,#0434,,Stunky,Poison,Dark
Skuntank,#0435,,Skuntank,Poison,Dark
Bronzor,#0436,,Bronzor,Steel,Psychic
Bronzong,#0437,,Bronzong,Steel,Psychic
Bonsly,#0438,,Bonsly,Rock,
Mime Jr.,#0439,,Mime Jr.,Psychic,Fairy
Happiny,#0440,,Happiny,Normal,
Chatot,#0441,,Chatot,Normal,Flying
Spiritomb,#0442,,Spiritomb,Ghost,Dark
Gible,#0443,,Gible,Dragon,Ground
Gabite,#0444,,Gabite,Dragon,Ground
Garchomp,#0445,,Garchomp,Dragon,Ground
Munchlax,#0446,,Munchlax,Normal,
Riolu,#0447,,Riolu,Fighting,
Lucario,#0448,,Lucario,Fighting,Steel
Hippopotas,#0449,,Hippopotas,Ground,
Hippowdon,#0450,,Hippowdon,Ground,
Skorupi,#0451,,Skorupi,Poison,Bug
Drapion,#0452,,Drapion,Poison,Dark
Croagunk,#0453,,Croagunk,Poison,Fighting
Toxicroak,#0454,,Toxicroak,Poison,Fighting
Carnivine,#0455,,Carnivine,Grass,
Finneon,#0456,,Finneon,Water,
Lumineon,#0457,,Lumineon,Water,
Mantyke,#0458,,Mantyke,Water,Flying
Snover,#0459,,Snover,Grass,Ice
Abomasnow,#0460,,Abomasnow,Grass,Ice
Weavile,#0461,,Weavile,Dark,Ice
Magnezone,#0462,,Magnezone,Electric,Steel
Lickilicky,#0463,,Lickilicky,Normal,
Rhyperior,#0464,,Rhyperior,Ground,Rock
Tangrowth,#0465,,Tangrowth,Grass,
Electivire,#0466,,Electivire,Electric,
Magmortar,#0467,,Magmortar,Fire,
Togekiss,#0468,,Togekiss,Fairy,Flying
Yanmega,#0469,,Yanmega,Bug,Flying
Leafeon,#0470,,Leafeon,Grass,
Glaceon,#0471,,Glaceon,Ice,
Gliscor,#0472,,Gliscor,Ground,Flying
Mamoswine,#0473,,Mamoswine,Ice,Ground
Porygon-Z,#0474,,Porygon-Z,Normal,
Gallade,#0475,,Gallade,Psychic,Fighting
Probopass,#0476,,Probopass,Rock,Steel
Dusknoir,#0477,,Dusknoir,Ghost,
Froslass,#0478,,Froslass,Ice,Ghost
"Rotom
Rotom",#0479,,"Rotom
Rotom",Electric,Ghost
"Rotom
Heat Rotom",,,"Rotom
Heat Rotom",Electric,Fire
"Rotom
Wash Rotom",,,"Rotom
Wash Rotom",Electric,Water
"Rotom
Frost Rotom",,,"Rotom
Frost Rotom",Electric,Ice
"Rotom
Fan Rotom",,,"Rotom
Fan Rotom",Electric,Flying
"Rotom
Mow Rotom",,,"Rotom
Mow Rotom",Electric,Grass
Uxie,#0480,,Uxie,Psychic,
Mesprit,#0481,,Mesprit,Psychic,
Azelf,#0482,,Azelf,Psychic,
Dialga,#0483,,Dialga,Steel,Dragon
"Dialga
Origin Forme",,,"Dialga
Origin Forme",Steel,Dragon
Palkia,#0484,,Palkia,Water,Dragon
"Palkia
Origin Forme",,,"Palkia
Origin Forme",Water,Dragon
Heatran,#0485,,Heatran,Fire,Steel
Regigigas,#0486,,Regigigas,Normal,
"Giratina
Altered Forme",#0487,,"Giratina
Altered Forme",Ghost,Dragon
"Giratina
Origin Forme",,,"Giratina
Origin Forme",Ghost,Dragon
Cresselia,#0488,,Cresselia,Psychic,
Phione,#0489,,Phione,Water,
Manaphy,#0490,,Manaphy,Water,
Darkrai,#0491,,Darkrai,Dark,
"Shaymin
Land Forme",#0492,,"Shaymin
Land Forme",Grass,
"Shaymin
Sky Forme",,,"Shaymin
Sky Forme",Grass,Flying
"Arceus
Arceus",#0493,,"Arceus
Arceus",Normal,
Pokémon,Ndex,MS,Pokémon,Type,
Victini,#0494,,Victini,Psychic,Fire
Snivy,#0495,,Snivy,Grass,
Servine,#0496,,Servine,Grass,
Serperior,#0497,,Serperior,Grass,
Tepig,#0498,,Tepig,Fire,
Pignite,#0499,,Pignite,Fire,Fighting
Emboar,#0500,,Emboar,Fire,Fighting
Oshawott,#0501,,Oshawott,Water,
Dewott,#0502,,Dewott,Water,
Samurott,#0503,,Samurott,Water,
"Samurott
Hisuian Form",,,"Samurott
Hisuian Form",Water,Dark
Patrat,#0504,,Patrat,Normal,
Watchog,#0505,,Watchog,Normal,
Lillipup,#0506,,Lillipup,Normal,
Herdier,#0507,,Herdier,Normal,
Stoutland,#0508,,Stoutland,Normal,
Purrloin,#0509,,Purrloin,Dark,
Liepard,#0510,,Liepard,Dark,
Pansage,#0511,,Pansage,Grass,
Simisage,#0512,,Simisage,Grass,
Pansear,#0513,,Pansear,Fire,
Simisear,#0514,,Simisear,Fire,
Panpour,#0515,,Panpour,Water,
Simipour,#0516,,Simipour,Water,
Munna,#0517,,Munna,Psychic,
Musharna,#0518,,Musharna,Psychic,
Pidove,#0519,,Pidove,Normal,Flying
Tranquill,#0520,,Tranquill,Normal,Flying
Unfezant,#0521,,Unfezant,Normal,Flying
Blitzle,#0522,,Blitzle,Electric,
Zebstrika,#0523,,Zebstrika,Electric,
Roggenrola,#0524,,Roggenrola,Rock,
Boldore,#0525,,Boldore,Rock,
Gigalith,#0526,,Gigalith,Rock,
Woobat,#0527,,Woobat,Psychic,Flying
Swoobat,#0528,,Swoobat,Psychic,Flying
Drilbur,#0529,,Drilbur,Ground,
Excadrill,#0530,,Excadrill,Ground,Steel
Audino,#0531,,Audino,Normal,
Timburr,#0532,,Timburr,Fighting,
Gurdurr,#0533,,Gurdurr,Fighting,
Conkeldurr,#0534,,Conkeldurr,Fighting,
Tympole,#0535,,Tympole,Water,
Palpitoad,#0536,,Palpitoad,Water,Ground
Seismitoad,#0537,,Seismitoad,Water,Ground
Throh,#0538,,Throh,Fighting,
Sawk,#0539,,Sawk,Fighting,
Sewaddle,#0540,,Sewaddle,Bug,Grass
Swadloon,#0541,,Swadloon,Bug,Grass
Leavanny,#0542,,Leavanny,Bug,Grass
Venipede,#0543,,Venipede,Bug,Poison
Whirlipede,#0544,,Whirlipede,Bug,Poison
Scolipede,#0545,,Scolipede,Bug,Poison
Cottonee,#0546,,Cottonee,Grass,Fairy
Whimsicott,#0547,,Whimsicott,Grass,Fairy
Petilil,#0548,,Petilil,Grass,
Lilligant,#0549,,Lilligant,Grass,
"Lilligant
Hisuian Form",,,"Lilligant
Hisuian Form",Grass,Fighting
"Basculin
Red-Striped Form",#0550,,"Basculin
Red-Striped Form",Water,
"Basculin
Blue-Striped Form",,,"Basculin
Blue-Striped Form",Water,
"Basculin
White-Striped Form",,,"Basculin
White-Striped Form",Water,
Sandile,#0551,,Sandile,Ground,Dark
Krokorok,#0552,,Krokorok,Ground,Dark
Krookodile,#0553,,Krookodile,Ground,Dark
Darumaka,#0554,,Darumaka,Fire,
"Darumaka
Galarian Form",,,"Darumaka
Galarian Form",Ice,
"Darmanitan
Standard Mode",#0555,,"Darmanitan
Standard Mode",Fire,
"Darmanitan
Zen Mode",,,"Darmanitan
Zen Mode",Fire,Psychic
"Darmanitan
Galarian Form",,,"Darmanitan
Galarian Form",Ice,
"Darmanitan
Zen Mode
*(Galarian Form)*",,,"Darmanitan
Zen Mode
*(Galarian Form)*",Ice,Fire
Maractus,#0556,,Maractus,Grass,
Dwebble,#0557,,Dwebble,Bug,Rock
Crustle,#0558,,Crustle,Bug,Rock
Scraggy,#0559,,Scraggy,Dark,Fighting
Scrafty,#0560,,Scrafty,Dark,Fighting
Sigilyph,#0561,,Sigilyph,Psychic,Flying
Yamask,#0562,,Yamask,Ghost,
"Yamask
Galarian Form",,,"Yamask
Galarian Form",Ground,Ghost
Cofagrigus,#0563,,Cofagrigus,Ghost,
Tirtouga,#0564,,Tirtouga,Water,Rock
Carracosta,#0565,,Carracosta,Water,Rock
Archen,#0566,,Archen,Rock,Flying
Archeops,#0567,,Archeops,Rock,Flying
Trubbish,#0568,,Trubbish,Poison,
Garbodor,#0569,,Garbodor,Poison,
Zorua,#0570,,Zorua,Dark,
"Zorua
Hisuian Form",,,"Zorua
Hisuian Form",Normal,Ghost
Zoroark,#0571,,Zoroark,Dark,
"Zoroark
Hisuian Form",,,"Zoroark
Hisuian Form",Normal,Ghost
Minccino,#0572,,Minccino,Normal,
Cinccino,#0573,,Cinccino,Normal,
Gothita,#0574,,Gothita,Psychic,
Gothorita,#0575,,Gothorita,Psychic,
Gothitelle,#0576,,Gothitelle,Psychic,
Solosis,#0577,,Solosis,Psychic,
Duosion,#0578,,Duosion,Psychic,
Reuniclus,#0579,,Reuniclus,Psychic,
Ducklett,#0580,,Ducklett,Water,Flying
Swanna,#0581,,Swanna,Water,Flying
Vanillite,#0582,,Vanillite,Ice,
Vanillish,#0583,,Vanillish,Ice,
Vanilluxe,#0584,,Vanilluxe,Ice,
"Deerling
Spring Form",#0585,,"Deerling
Spring Form",Normal,Grass
"Deerling
Summer Form",,,"Deerling
Summer Form",Normal,Grass
"Deerling
Autumn Form",,,"Deerling
Autumn Form",Normal,Grass
"Deerling
Winter Form",,,"Deerling
Winter Form",Normal,Grass
"Sawsbuck
Spring Form",#0586,,"Sawsbuck
Spring Form",Normal,Grass
"Sawsbuck
Summer Form",,,"Sawsbuck
Summer Form",Normal,Grass
"Sawsbuck
Autumn Form",,,"Sawsbuck
Autumn Form",Normal,Grass
"Sawsbuck
Winter Form",,,"Sawsbuck
Winter Form",Normal,Grass
Emolga,#0587,,Emolga,Electric,Flying
Karrablast,#0588,,Karrablast,Bug,
Escavalier,#0589,,Escavalier,Bug,Steel
Foongus,#0590,,Foongus,Grass,Poison
Amoonguss,#0591,,Amoonguss,Grass,Poison
Frillish,#0592,,Frillish,Water,Ghost
Jellicent,#0593,,Jellicent,Water,Ghost
Alomomola,#0594,,Alomomola,Water,
Joltik,#0595,,Joltik,Bug,Electric
Galvantula,#0596,,Galvantula,Bug,Electric
Ferroseed,#0597,,Ferroseed,Grass,Steel
Ferrothorn,#0598,,Ferrothorn,Grass,Steel
Klink,#0599,,Klink,Steel,
Klang,#0600,,Klang,Steel,
Klinklang,#0601,,Klinklang,Steel,
Tynamo,#0602,,Tynamo,Electric,
Eelektrik,#0603,,Eelektrik,Electric,
Eelektross,#0604,,Eelektross,Electric,
Elgyem,#0605,,Elgyem,Psychic,
Beheeyem,#0606,,Beheeyem,Psychic,
Litwick,#0607,,Litwick,Ghost,Fire
Lampent,#0608,,Lampent,Ghost,Fire
Chandelure,#0609,,Chandelure,Ghost,Fire
Axew,#0610,,Axew,Dragon,
Fraxure,#0611,,Fraxure,Dragon,
Haxorus,#0612,,Haxorus,Dragon,
Cubchoo,#0613,,Cubchoo,Ice,
Beartic,#0614,,Beartic,Ice,
Cryogonal,#0615,,Cryogonal,Ice,
Shelmet,#0616,,Shelmet,Bug,
Accelgor,#0617,,Accelgor,Bug,
Stunfisk,#0618,,Stunfisk,Ground,Electric
"Stunfisk
Galarian Form",,,"Stunfisk
Galarian Form",Ground,Steel
Mienfoo,#0619,,Mienfoo,Fighting,
Mienshao,#0620,,Mienshao,Fighting,
Druddigon,#0621,,Druddigon,Dragon,
Golett,#0622,,Golett,Ground,Ghost
Golurk,#0623,,Golurk,Ground,Ghost
Pawniard,#0624,,Pawniard,Dark,Steel
Bisharp,#0625,,Bisharp,Dark,Steel
Bouffalant,#0626,,Bouffalant,Normal,
Rufflet,#0627,,Rufflet,Normal,Flying
Braviary,#0628,,Braviary,Normal,Flying
"Braviary
Hisuian Form",,,"Braviary
Hisuian Form",Psychic,Flying
Vullaby,#0629,,Vullaby,Dark,Flying
Mandibuzz,#0630,,Mandibuzz,Dark,Flying
Heatmor,#0631,,Heatmor,Fire,
Durant,#0632,,Durant,Bug,Steel
Deino,#0633,,Deino,Dark,Dragon
Zweilous,#0634,,Zweilous,Dark,Dragon
Hydreigon,#0635,,Hydreigon,Dark,Dragon
Larvesta,#0636,,Larvesta,Bug,Fire
Volcarona,#0637,,Volcarona,Bug,Fire
Cobalion,#0638,,Cobalion,Steel,Fighting
Terrakion,#0639,,Terrakion,Rock,Fighting
Virizion,#0640,,Virizion,Grass,Fighting
"Tornadus
Incarnate Forme",#0641,,"Tornadus
Incarnate Forme",Flying,
"Tornadus
Therian Forme",,,"Tornadus
Therian Forme",Flying,
"Thundurus
Incarnate Forme",#0642,,"Thundurus
Incarnate Forme",Electric,Flying
"Thundurus
Therian Forme",,,"Thundurus
Therian Forme",Electric,Flying
Reshiram,#0643,,Reshiram,Dragon,Fire
Zekrom,#0644,,Zekrom,Dragon,Electric
"Landorus
Incarnate Forme",#0645,,"Landorus
Incarnate Forme",Ground,Flying
"Landorus
Therian Forme",,,"Landorus
Therian Forme",Ground,Flying
"Kyurem
Kyurem",#0646,,"Kyurem
Kyurem",Dragon,Ice
"Kyurem
White Kyurem",,,"Kyurem
White Kyurem",Dragon,Ice
"Kyurem
Black Kyurem",,,"Kyurem
Black Kyurem",Dragon,Ice
"Keldeo
Ordinary Form",#0647,,"Keldeo
Ordinary Form",Water,Fighting
"Keldeo
Resolute Form",,,"Keldeo
Resolute Form",Water,Fighting
"Meloetta
Aria Forme",#0648,,"Meloetta
Aria Forme",Normal,Psychic
"Meloetta
Pirouette Forme",,,"Meloetta
Pirouette Forme",Normal,Fighting
"Genesect
Genesect
*(no drive)*",#0649,,"Genesect
Genesect
*(no drive)*",Bug,Steel
"Genesect
Genesect
*(Douse Drive)*",,,"Genesect
Genesect
*(Douse Drive)*",Bug,Steel
"Genesect
Genesect
*(Shock Drive)*",,,"Genesect
Genesect
*(Shock Drive)*",Bug,Steel
"Genesect
Genesect
*(Burn Drive)*",,,"Genesect
Genesect
*(Burn Drive)*",Bug,Steel
"Genesect
Genesect
*(Chill Drive)*",,,"Genesect
Genesect
*(Chill Drive)*",Bug,Steel
Pokémon,Ndex,MS,Pokémon,Type,
Chespin,#0650,,Chespin,Grass,
Quilladin,#0651,,Quilladin,Grass,
Chesnaught,#0652,,Chesnaught,Grass,Fighting
Fennekin,#0653,,Fennekin,Fire,
Braixen,#0654,,Braixen,Fire,
Delphox,#0655,,Delphox,Fire,Psychic
Froakie,#0656,,Froakie,Water,
Frogadier,#0657,,Frogadier,Water,
Greninja,#0658,,Greninja,Water,Dark
Bunnelby,#0659,,Bunnelby,Normal,
Diggersby,#0660,,Diggersby,Normal,Ground
Fletchling,#0661,,Fletchling,Normal,Flying
Fletchinder,#0662,,Fletchinder,Fire,Flying
Talonflame,#0663,,Talonflame,Fire,Flying
Scatterbug,#0664,,Scatterbug,Bug,
Spewpa,#0665,,Spewpa,Bug,
"Vivillon
Meadow Pattern",#0666,,"Vivillon
Meadow Pattern",Bug,Flying
Litleo,#0667,,Litleo,Fire,Normal
Pyroar,#0668,,Pyroar,Fire,Normal
"Flabébé
Red Flower",#0669,,"Flabébé
Red Flower",Fairy,
"Flabébé
Yellow Flower",,,"Flabébé
Yellow Flower",Fairy,
"Flabébé
Orange Flower",,,"Flabébé
Orange Flower",Fairy,
"Flabébé
Blue Flower",,,"Flabébé
Blue Flower",Fairy,
"Flabébé
White Flower",,,"Flabébé
White Flower",Fairy,
"Floette
Red Flower",#0670,,"Floette
Red Flower",Fairy,
"Floette
Yellow Flower",,,"Floette
Yellow Flower",Fairy,
"Floette
Orange Flower",,,"Floette
Orange Flower",Fairy,
"Floette
Blue Flower",,,"Floette
Blue Flower",Fairy,
"Floette
White Flower",,,"Floette
White Flower",Fairy,
"Florges
Red Flower",#0671,,"Florges
Red Flower",Fairy,
"Florges
Yellow Flower",,,"Florges
Yellow Flower",Fairy,
"Florges
Orange Flower",,,"Florges
Orange Flower",Fairy,
"Florges
Blue Flower",,,"Florges
Blue Flower",Fairy,
"Florges
White Flower",,,"Florges
White Flower",Fairy,
Skiddo,#0672,,Skiddo,Grass,
Gogoat,#0673,,Gogoat,Grass,
Pancham,#0674,,Pancham,Fighting,
Pangoro,#0675,,Pangoro,Fighting,Dark
"Furfrou
Natural Form",#0676,,"Furfrou
Natural Form",Normal,
Espurr,#0677,,Espurr,Psychic,
"Meowstic
Male",#0678,,"Meowstic
Male",Psychic,
"Meowstic
Female",,,"Meowstic
Female",Psychic,
Honedge,#0679,,Honedge,Steel,Ghost
Doublade,#0680,,Doublade,Steel,Ghost
"Aegislash
Shield Forme",#0681,,"Aegislash
Shield Forme",Steel,Ghost
"Aegislash
Blade Forme",,,"Aegislash
Blade Forme",Steel,Ghost
Spritzee,#0682,,Spritzee,Fairy,
Aromatisse,#0683,,Aromatisse,Fairy,
Swirlix,#0684,,Swirlix,Fairy,
Slurpuff,#0685,,Slurpuff,Fairy,
Inkay,#0686,,Inkay,Dark,Psychic
Malamar,#0687,,Malamar,Dark,Psychic
Binacle,#0688,,Binacle,Rock,Water
Barbaracle,#0689,,Barbaracle,Rock,Water
Skrelp,#0690,,Skrelp,Poison,Water
Dragalge,#0691,,Dragalge,Poison,Dragon
Clauncher,#0692,,Clauncher,Water,
Clawitzer,#0693,,Clawitzer,Water,
Helioptile,#0694,,Helioptile,Electric,Normal
Heliolisk,#0695,,Heliolisk,Electric,Normal
Tyrunt,#0696,,Tyrunt,Rock,Dragon
Tyrantrum,#0697,,Tyrantrum,Rock,Dragon
Amaura,#0698,,Amaura,Rock,Ice
Aurorus,#0699,,Aurorus,Rock,Ice
Sylveon,#0700,,Sylveon,Fairy,
Hawlucha,#0701,,Hawlucha,Fighting,Flying
Dedenne,#0702,,Dedenne,Electric,Fairy
Carbink,#0703,,Carbink,Rock,Fairy
Goomy,#0704,,Goomy,Dragon,
Sliggoo,#0705,,Sliggoo,Dragon,
"Sliggoo
Hisuian Form",,,"Sliggoo
Hisuian Form",Steel,Dragon
Goodra,#0706,,Goodra,Dragon,
"Goodra
Hisuian Form",,,"Goodra
Hisuian Form",Steel,Dragon
Klefki,#0707,,Klefki,Steel,Fairy
Phantump,#0708,,Phantump,Ghost,Grass
Trevenant,#0709,,Trevenant,Ghost,Grass
Pumpkaboo,#0710,,Pumpkaboo,Ghost,Grass
Gourgeist,#0711,,Gourgeist,Ghost,Grass
Bergmite,#0712,,Bergmite,Ice,
Avalugg,#0713,,Avalugg,Ice,
"Avalugg
Hisuian Form",,,"Avalugg
Hisuian Form",Ice,Rock
Noibat,#0714,,Noibat,Flying,Dragon
Noivern,#0715,,Noivern,Flying,Dragon
"Xerneas
Neutral Mode",#0716,,"Xerneas
Neutral Mode",Fairy,
"Xerneas
Active Mode",,,"Xerneas
Active Mode",Fairy,
Yveltal,#0717,,Yveltal,Dark,Flying
"Zygarde
50% Forme",#0718,,"Zygarde
50% Forme",Dragon,Ground
"Zygarde
10% Forme",,,"Zygarde
10% Forme",Dragon,Ground
"Zygarde
Complete Forme",,,"Zygarde
Complete Forme",Dragon,Ground
Diancie,#0719,,Diancie,Rock,Fairy
"Hoopa
Hoopa Confined",#0720,,"Hoopa
Hoopa Confined",Psychic,Ghost
"Hoopa
Hoopa Unbound",,,"Hoopa
Hoopa Unbound",Psychic,Dark
Volcanion,#0721,,Volcanion,Fire,Water
Pokémon,Ndex,MS,Pokémon,Type,
Rowlet,#0722,,Rowlet,Grass,Flying
Dartrix,#0723,,Dartrix,Grass,Flying
Decidueye,#0724,,Decidueye,Grass,Ghost
"Decidueye
Hisuian Form",,,"Decidueye
Hisuian Form",Grass,Fighting
Litten,#0725,,Litten,Fire,
Torracat,#0726,,Torracat,Fire,
Incineroar,#0727,,Incineroar,Fire,Dark
Popplio,#0728,,Popplio,Water,
Brionne,#0729,,Brionne,Water,
Primarina,#0730,,Primarina,Water,Fairy
Pikipek,#0731,,Pikipek,Normal,Flying
Trumbeak,#0732,,Trumbeak,Normal,Flying
Toucannon,#0733,,Toucannon,Normal,Flying
Yungoos,#0734,,Yungoos,Normal,
Gumshoos,#0735,,Gumshoos,Normal,
Grubbin,#0736,,Grubbin,Bug,
Charjabug,#0737,,Charjabug,Bug,Electric
Vikavolt,#0738,,Vikavolt,Bug,Electric
Crabrawler,#0739,,Crabrawler,Fighting,
Crabominable,#0740,,Crabominable,Fighting,Ice
"Oricorio
Baile Style",#0741,,"Oricorio
Baile Style",Fire,Flying
"Oricorio
Pom-Pom Style",,,"Oricorio
Pom-Pom Style",Electric,Flying
"Oricorio
Pa’u Style",,,"Oricorio
Pa’u Style",Psychic,Flying
"Oricorio
Sensu Style",,,"Oricorio
Sensu Style",Ghost,Flying
Cutiefly,#0742,,Cutiefly,Bug,Fairy
Ribombee,#0743,,Ribombee,Bug,Fairy
Rockruff,#0744,,Rockruff,Rock,
"Lycanroc
Midday Form",#0745,,"Lycanroc
Midday Form",Rock,
"Lycanroc
Midnight Form",,,"Lycanroc
Midnight Form",Rock,
"Lycanroc
Dusk Form",,,"Lycanroc
Dusk Form",Rock,
"Wishiwashi
Solo Form",#0746,,"Wishiwashi
Solo Form",Water,
"Wishiwashi
School Form",,,"Wishiwashi
School Form",Water,
Mareanie,#0747,,Mareanie,Poison,Water
Toxapex,#0748,,Toxapex,Poison,Water
Mudbray,#0749,,Mudbray,Ground,
Mudsdale,#0750,,Mudsdale,Ground,
Dewpider,#0751,,Dewpider,Water,Bug
Araquanid,#0752,,Araquanid,Water,Bug
Fomantis,#0753,,Fomantis,Grass,
Lurantis,#0754,,Lurantis,Grass,
Morelull,#0755,,Morelull,Grass,Fairy
Shiinotic,#0756,,Shiinotic,Grass,Fairy
Salandit,#0757,,Salandit,Poison,Fire
Salazzle,#0758,,Salazzle,Poison,Fire
Stufful,#0759,,Stufful,Normal,Fighting
Bewear,#0760,,Bewear,Normal,Fighting
Bounsweet,#0761,,Bounsweet,Grass,
Steenee,#0762,,Steenee,Grass,
Tsareena,#0763,,Tsareena,Grass,
Comfey,#0764,,Comfey,Fairy,
Oranguru,#0765,,Oranguru,Normal,Psychic
Passimian,#0766,,Passimian,Fighting,
Wimpod,#0767,,Wimpod,Bug,Water
Golisopod,#0768,,Golisopod,Bug,Water
Sandygast,#0769,,Sandygast,Ghost,Ground
Palossand,#0770,,Palossand,Ghost,Ground
Pyukumuku,#0771,,Pyukumuku,Water,
Type: Null,#0772,,Type: Null,Normal,
"Silvally
Type: Normal",#0773,,"Silvally
Type: Normal",Normal,
"Minior
Meteor Form",#0774,,"Minior
Meteor Form",Rock,Flying
"Minior
Red Core",,,"Minior
Red Core",Rock,Flying
Komala,#0775,,Komala,Normal,
Turtonator,#0776,,Turtonator,Fire,Dragon
Togedemaru,#0777,,Togedemaru,Electric,Steel
"Mimikyu
Disguised Form",#0778,,"Mimikyu
Disguised Form",Ghost,Fairy
"Mimikyu
Busted Form",,,"Mimikyu
Busted Form",Ghost,Fairy
Bruxish,#0779,,Bruxish,Water,Psychic
Drampa,#0780,,Drampa,Normal,Dragon
Dhelmise,#0781,,Dhelmise,Ghost,Grass
Jangmo-o,#0782,,Jangmo-o,Dragon,
Hakamo-o,#0783,,Hakamo-o,Dragon,Fighting
Kommo-o,#0784,,Kommo-o,Dragon,Fighting
Tapu Koko,#0785,,Tapu Koko,Electric,Fairy
Tapu Lele,#0786,,Tapu Lele,Psychic,Fairy
Tapu Bulu,#0787,,Tapu Bulu,Grass,Fairy
Tapu Fini,#0788,,Tapu Fini,Water,Fairy
Cosmog,#0789,,Cosmog,Psychic,
Cosmoem,#0790,,Cosmoem,Psychic,
Solgaleo,#0791,,Solgaleo,Psychic,Steel
Lunala,#0792,,Lunala,Psychic,Ghost
Nihilego,#0793,,Nihilego,Rock,Poison
Buzzwole,#0794,,Buzzwole,Bug,Fighting
Pheromosa,#0795,,Pheromosa,Bug,Fighting
Xurkitree,#0796,,Xurkitree,Electric,
Celesteela,#0797,,Celesteela,Steel,Flying
Kartana,#0798,,Kartana,Grass,Steel
Guzzlord,#0799,,Guzzlord,Dark,Dragon
Necrozma,#0800,,Necrozma,Psychic,
"Necrozma
Dusk Mane",,,"Necrozma
Dusk Mane",Psychic,Steel
"Necrozma
Dawn Wings",,,"Necrozma
Dawn Wings",Psychic,Ghost
Magearna,#0801,,Magearna,Steel,Fairy
Marshadow,#0802,,Marshadow,Fighting,Ghost
Poipole,#0803,,Poipole,Poison,
Naganadel,#0804,,Naganadel,Poison,Dragon
Stakataka,#0805,,Stakataka,Rock,Steel
Blacephalon,#0806,,Blacephalon,Fire,Ghost
Zeraora,#0807,,Zeraora,Electric,
Meltan,#0808,,Meltan,Steel,
Melmetal,#0809,,Melmetal,Steel,
Pokémon,Ndex,MS,Pokémon,Type,
Grookey,#0810,,Grookey,Grass,
Thwackey,#0811,,Thwackey,Grass,
Rillaboom,#0812,,Rillaboom,Grass,
Scorbunny,#0813,,Scorbunny,Fire,
Raboot,#0814,,Raboot,Fire,
Cinderace,#0815,,Cinderace,Fire,
Sobble,#0816,,Sobble,Water,
Drizzile,#0817,,Drizzile,Water,
Inteleon,#0818,,Inteleon,Water,
Skwovet,#0819,,Skwovet,Normal,
Greedent,#0820,,Greedent,Normal,
Rookidee,#0821,,Rookidee,Flying,
Corvisquire,#0822,,Corvisquire,Flying,
Corviknight,#0823,,Corviknight,Flying,Steel
Blipbug,#0824,,Blipbug,Bug,
Dottler,#0825,,Dottler,Bug,Psychic
Orbeetle,#0826,,Orbeetle,Bug,Psychic
Nickit,#0827,,Nickit,Dark,
Thievul,#0828,,Thievul,Dark,
Gossifleur,#0829,,Gossifleur,Grass,
Eldegoss,#0830,,Eldegoss,Grass,
Wooloo,#0831,,Wooloo,Normal,
Dubwool,#0832,,Dubwool,Normal,
Chewtle,#0833,,Chewtle,Water,
Drednaw,#0834,,Drednaw,Water,Rock
Yamper,#0835,,Yamper,Electric,
Boltund,#0836,,Boltund,Electric,
Rolycoly,#0837,,Rolycoly,Rock,
Carkol,#0838,,Carkol,Rock,Fire
Coalossal,#0839,,Coalossal,Rock,Fire
Applin,#0840,,Applin,Grass,Dragon
Flapple,#0841,,Flapple,Grass,Dragon
Appletun,#0842,,Appletun,Grass,Dragon
Silicobra,#0843,,Silicobra,Ground,
Sandaconda,#0844,,Sandaconda,Ground,
Cramorant,#0845,,Cramorant,Flying,Water
"Cramorant
Gulping Form",,,"Cramorant
Gulping Form",Flying,Water
"Cramorant
Gorging Form",,,"Cramorant
Gorging Form",Flying,Water
Arrokuda,#0846,,Arrokuda,Water,
Barraskewda,#0847,,Barraskewda,Water,
Toxel,#0848,,Toxel,Electric,Poison
"Toxtricity
Amped Form",#0849,,"Toxtricity
Amped Form",Electric,Poison
"Toxtricity
Low Key Form",,,"Toxtricity
Low Key Form",Electric,Poison
Sizzlipede,#0850,,Sizzlipede,Fire,Bug
Centiskorch,#0851,,Centiskorch,Fire,Bug
Clobbopus,#0852,,Clobbopus,Fighting,
Grapploct,#0853,,Grapploct,Fighting,
Sinistea,#0854,,Sinistea,Ghost,
Polteageist,#0855,,Polteageist,Ghost,
Hatenna,#0856,,Hatenna,Psychic,
Hattrem,#0857,,Hattrem,Psychic,
Hatterene,#0858,,Hatterene,Psychic,Fairy
Impidimp,#0859,,Impidimp,Dark,Fairy
Morgrem,#0860,,Morgrem,Dark,Fairy
Grimmsnarl,#0861,,Grimmsnarl,Dark,Fairy
Obstagoon,#0862,,Obstagoon,Dark,Normal
Perrserker,#0863,,Perrserker,Steel,
Cursola,#0864,,Cursola,Ghost,
Sirfetch'd,#0865,,Sirfetch'd,Fighting,
Mr. Rime,#0866,,Mr. Rime,Ice,Psychic
Runerigus,#0867,,Runerigus,Ground,Ghost
Milcery,#0868,,Milcery,Fairy,
"Alcremie
Vanilla Cream",#0869,,"Alcremie
Vanilla Cream",Fairy,
Falinks,#0870,,Falinks,Fighting,
Pincurchin,#0871,,Pincurchin,Electric,
Snom,#0872,,Snom,Ice,Bug
Frosmoth,#0873,,Frosmoth,Ice,Bug
Stonjourner,#0874,,Stonjourner,Rock,
"Eiscue
Ice Face",#0875,,"Eiscue
Ice Face",Ice,
"Eiscue
Noice Face",,,"Eiscue
Noice Face",Ice,
"Indeedee
Male",#0876,,"Indeedee
Male",Psychic,Normal
"Indeedee
Female",,,"Indeedee
Female",Psychic,Normal
"Morpeko
Full Belly Mode",#0877,,"Morpeko
Full Belly Mode",Electric,Dark
"Morpeko
Hangry Mode",,,"Morpeko
Hangry Mode",Electric,Dark
Cufant,#0878,,Cufant,Steel,
Copperajah,#0879,,Copperajah,Steel,
Dracozolt,#0880,,Dracozolt,Electric,Dragon
Arctozolt,#0881,,Arctozolt,Electric,Ice
Dracovish,#0882,,Dracovish,Water,Dragon
Arctovish,#0883,,Arctovish,Water,Ice
Duraludon,#0884,,Duraludon,Steel,Dragon
Dreepy,#0885,,Dreepy,Dragon,Ghost
Drakloak,#0886,,Drakloak,Dragon,Ghost
Dragapult,#0887,,Dragapult,Dragon,Ghost
"Zacian
Hero of Many Battles",#0888,,"Zacian
Hero of Many Battles",Fairy,
"Zacian
Crowned Sword",,,"Zacian
Crowned Sword",Fairy,Steel
"Zamazenta
Hero of Many Battles",#0889,,"Zamazenta
Hero of Many Battles",Fighting,
"Zamazenta
Crowned Shield",,,"Zamazenta
Crowned Shield",Fighting,Steel
Eternatus,#0890,,Eternatus,Poison,Dragon
Kubfu,#0891,,Kubfu,Fighting,
"Urshifu
Single Strike Style",#0892,,"Urshifu
Single Strike Style",Fighting,Dark
"Urshifu
Rapid Strike Style",,,"Urshifu
Rapid Strike Style",Fighting,Water
Zarude,#0893,,Zarude,Dark,Grass
Regieleki,#0894,,Regieleki,Electric,
Regidrago,#0895,,Regidrago,Dragon,
Glastrier,#0896,,Glastrier,Ice,
Spectrier,#0897,,Spectrier,Ghost,
Calyrex,#0898,,Calyrex,Psychic,Grass
"Calyrex
Ice Rider",,,"Calyrex
Ice Rider",Psychic,Ice
"Calyrex
Shadow Rider",,,"Calyrex
Shadow Rider",Psychic,Ghost
Wyrdeer,#0899,,Wyrdeer,Normal,Psychic
Kleavor,#0900,,Kleavor,Bug,Rock
Ursaluna,#0901,,Ursaluna,Ground,Normal
"Ursaluna
Bloodmoon",,,"Ursaluna
Bloodmoon",Ground,Normal
"Basculegion
Male",#0902,,"Basculegion
Male",Water,Ghost
"Basculegion
Female",,,"Basculegion
Female",Water,Ghost
Sneasler,#0903,,Sneasler,Fighting,Poison
Overqwil,#0904,,Overqwil,Dark,Poison
"Enamorus
Incarnate Forme",#0905,,"Enamorus
Incarnate Forme",Fairy,Flying
"Enamorus
Therian Forme",,,"Enamorus
Therian Forme",Fairy,Flying
Pokémon,Ndex,MS,Pokémon,Type,
Sprigatito,#0906,,Sprigatito,Grass,
Floragato,#0907,,Floragato,Grass,
Meowscarada,#0908,,Meowscarada,Grass,Dark
Fuecoco,#0909,,Fuecoco,Fire,
Crocalor,#0910,,Crocalor,Fire,
Skeledirge,#0911,,Skeledirge,Fire,Ghost
Quaxly,#0912,,Quaxly,Water,
Quaxwell,#0913,,Quaxwell,Water,
Quaquaval,#0914,,Quaquaval,Water,Fighting
Lechonk,#0915,,Lechonk,Normal,
"Oinkologne
Male",#0916,,"Oinkologne
Male",Normal,
"Oinkologne
Female",,,"Oinkologne
Female",Normal,
Tarountula,#0917,,Tarountula,Bug,
Spidops,#0918,,Spidops,Bug,
Nymble,#0919,,Nymble,Bug,
Lokix,#0920,,Lokix,Bug,Dark
Pawmi,#0921,,Pawmi,Electric,
Pawmo,#0922,,Pawmo,Electric,Fighting
Pawmot,#0923,,Pawmot,Electric,Fighting
Tandemaus,#0924,,Tandemaus,Normal,
"Maushold
Family of Three",#0925,,"Maushold
Family of Three",Normal,
"Maushold
Family of Four",,,"Maushold
Family of Four",Normal,
Fidough,#0926,,Fidough,Fairy,
Dachsbun,#0927,,Dachsbun,Fairy,
Smoliv,#0928,,Smoliv,Grass,Normal
Dolliv,#0929,,Dolliv,Grass,Normal
Arboliva,#0930,,Arboliva,Grass,Normal
"Squawkabilly
Green Plumage",#0931,,"Squawkabilly
Green Plumage",Normal,Flying
"Squawkabilly
Blue Plumage",,,"Squawkabilly
Blue Plumage",Normal,Flying
"Squawkabilly
Yellow Plumage",,,"Squawkabilly
Yellow Plumage",Normal,Flying
"Squawkabilly
White Plumage",,,"Squawkabilly
White Plumage",Normal,Flying
Nacli,#0932,,Nacli,Rock,
Naclstack,#0933,,Naclstack,Rock,
Garganacl,#0934,,Garganacl,Rock,
Charcadet,#0935,,Charcadet,Fire,
Armarouge,#0936,,Armarouge,Fire,Psychic
Ceruledge,#0937,,Ceruledge,Fire,Ghost
Tadbulb,#0938,,Tadbulb,Electric,
Bellibolt,#0939,,Bellibolt,Electric,
Wattrel,#0940,,Wattrel,Electric,Flying
Kilowattrel,#0941,,Kilowattrel,Electric,Flying
Maschiff,#0942,,Maschiff,Dark,
Mabosstiff,#0943,,Mabosstiff,Dark,
Shroodle,#0944,,Shroodle,Poison,Normal
Grafaiai,#0945,,Grafaiai,Poison,Normal
Bramblin,#0946,,Bramblin,Grass,Ghost
Brambleghast,#0947,,Brambleghast,Grass,Ghost
Toedscool,#0948,,Toedscool,Ground,Grass
Toedscruel,#0949,,Toedscruel,Ground,Grass
Klawf,#0950,,Klawf,Rock,
Capsakid,#0951,,Capsakid,Grass,
Scovillain,#0952,,Scovillain,Grass,Fire
Rellor,#0953,,Rellor,Bug,
Rabsca,#0954,,Rabsca,Bug,Psychic
Flittle,#0955,,Flittle,Psychic,
Espathra,#0956,,Espathra,Psychic,
Tinkatink,#0957,,Tinkatink,Fairy,Steel
Tinkatuff,#0958,,Tinkatuff,Fairy,Steel
Tinkaton,#0959,,Tinkaton,Fairy,Steel
Wiglett,#0960,,Wiglett,Water,
Wugtrio,#0961,,Wugtrio,Water,
Bombirdier,#0962,,Bombirdier,Flying,Dark
Finizen,#0963,,Finizen,Water,
"Palafin
Zero Form",#0964,,"Palafin
Zero Form",Water,
"Palafin
Hero Form",,,"Palafin
Hero Form",Water,
Varoom,#0965,,Varoom,Steel,Poison
Revavroom,#0966,,Revavroom,Steel,Poison
Cyclizar,#0967,,Cyclizar,Dragon,Normal
Orthworm,#0968,,Orthworm,Steel,
Glimmet,#0969,,Glimmet,Rock,Poison
Glimmora,#0970,,Glimmora,Rock,Poison
Greavard,#0971,,Greavard,Ghost,
Houndstone,#0972,,Houndstone,Ghost,
Flamigo,#0973,,Flamigo,Flying,Fighting
Cetoddle,#0974,,Cetoddle,Ice,
Cetitan,#0975,,Cetitan,Ice,
Veluza,#0976,,Veluza,Water,Psychic
Dondozo,#0977,,Dondozo,Water,
"Tatsugiri
Curly Form",#0978,,"Tatsugiri
Curly Form",Dragon,Water
"Tatsugiri
Droopy Form",,,"Tatsugiri
Droopy Form",Dragon,Water
"Tatsugiri
Stretchy Form",,,"Tatsugiri
Stretchy Form",Dragon,Water
Annihilape,#0979,,Annihilape,Fighting,Ghost
Clodsire,#0980,,Clodsire,Poison,Ground
Farigiraf,#0981,,Farigiraf,Normal,Psychic
"Dudunsparce
Two-Segment Form",#0982,,"Dudunsparce
Two-Segment Form",Normal,
"Dudunsparce
Three-Segment Form",,,"Dudunsparce
Three-Segment Form",Normal,
Kingambit,#0983,,Kingambit,Dark,Steel
Great Tusk,#0984,,Great Tusk,Ground,Fighting
Scream Tail,#0985,,Scream Tail,Fairy,Psychic
Brute Bonnet,#0986,,Brute Bonnet,Grass,Dark
Flutter Mane,#0987,,Flutter Mane,Ghost,Fairy
Slither Wing,#0988,,Slither Wing,Bug,Fighting
Sandy Shocks,#0989,,Sandy Shocks,Electric,Ground
Iron Treads,#0990,,Iron Treads,Ground,Steel
Iron Bundle,#0991,,Iron Bundle,Ice,Water
Iron Hands,#0992,,Iron Hands,Fighting,Electric
Iron Jugulis,#0993,,Iron Jugulis,Dark,Flying
Iron Moth,#0994,,Iron Moth,Fire,Poison
Iron Thorns,#0995,,Iron Thorns,Rock,Electric
Frigibax,#0996,,Frigibax,Dragon,Ice
Arctibax,#0997,,Arctibax,Dragon,Ice
Baxcalibur,#0998,,Baxcalibur,Dragon,Ice
"Gimmighoul
Chest Form",#0999,,"Gimmighoul
Chest Form",Ghost,
"Gimmighoul
Roaming Form",,,"Gimmighoul
Roaming Form",Ghost,
Gholdengo,#1000,,Gholdengo,Steel,Ghost
Wo-Chien,#1001,,Wo-Chien,Dark,Grass
Chien-Pao,#1002,,Chien-Pao,Dark,Ice
Ting-Lu,#1003,,Ting-Lu,Dark,Ground
Chi-Yu,#1004,,Chi-Yu,Dark,Fire
Roaring Moon,#1005,,Roaring Moon,Dragon,Dark
Iron Valiant,#1006,,Iron Valiant,Fairy,Fighting
"Koraidon
Apex Build",#1007,,"Koraidon
Apex Build",Fighting,Dragon
"Miraidon
Ultimate Mode",#1008,,"Miraidon
Ultimate Mode",Electric,Dragon
Walking Wake,#1009,,Walking Wake,Water,Dragon
Iron Leaves,#1010,,Iron Leaves,Grass,Psychic
Dipplin,#1011,,Dipplin,Grass,Dragon
Poltchageist,#1012,,Poltchageist,Grass,Ghost
Sinistcha,#1013,,Sinistcha,Grass,Ghost
Okidogi,#1014,,Okidogi,Poison,Fighting
Munkidori,#1015,,Munkidori,Poison,Psychic
Fezandipiti,#1016,,Fezandipiti,Poison,Fairy
"Ogerpon
Teal Mask",#1017,,"Ogerpon
Teal Mask",Grass,
"Ogerpon
Wellspring Mask",,,"Ogerpon
Wellspring Mask",Grass,Water
"Ogerpon
Hearthflame Mask",,,"Ogerpon
Hearthflame Mask",Grass,Fire
"Ogerpon
Cornerstone Mask",,,"Ogerpon
Cornerstone Mask",Grass,Rock
Archaludon,#1018,,Archaludon,Steel,Dragon
Hydrapple,#1019,,Hydrapple,Grass,Dragon
Gouging Fire,#1020,,Gouging Fire,Fire,Dragon
Raging Bolt,#1021,,Raging Bolt,Electric,Dragon
Iron Boulder,#1022,,Iron Boulder,Rock,Psychic
Iron Crown,#1023,,Iron Crown,Steel,Psychic
"Terapagos
Normal Form",#1024,,"Terapagos
Normal Form",Normal,
"Terapagos
Terastal Form",,,"Terapagos
Terastal Form",Normal,
Pecharunt,#1025,,Pecharunt,Poison,Ghost